id;produk;stok;satuan
0;Licor Baileys Original, 750ml;23;kg
1;Baggio Caffe Com 250g - Moído Baggio Café;73;kg
2;Bebida Lactea com 15g de proteína Chocolate YoPRO 250ml;91;pcs
3;Cápsulas de Café Baggio Aroma Caramelo, Compatível com Nespresso, Contém 10 Cápsulas;85;kg
4;Baggio Aromas Chocolate Trufado 250g Baggio Café Sabor Chocolate;33;pcs
5;Whisky Johnnie Walker Black Label, 1L;65;kg
6;Whey Zero Lactose Sabor Baunilha Piracanjuba 250ml;78;pcs
7;Café Gourmet em Grão Cafe Santa Monica 250gr;12;kg
8;Biscoito Recheado, Negresco, 140g;1;pcs
9;Bebida Láctea com 15g de proteína Côco e Batata Doce YoPRO 250ml;12;pcs
10;Cereal Matinal, Snow Flakes, 120g;24;kg
11;Leite Condensado Zero Lactose Piracanjuba 395g;12;kg
12;Whisky Jameson 750ml;42;box
13;Vodka Absolut, 1L;59;box
14;Gin Beefeater London Dry 750Ml;38;pcs
15;Doce Leite Zero Lactose Piracanjuba 350g;92;pcs
16;Whisky Johnnie Walker Red Label 1L;28;pcs
17;Cápsulas De Café Aroma Chocolate C/ Menta Baggio, Compatível Com Nespresso, Contém 10 Cápsulas;59;pcs
18;Whisky Old Parr, 12 anos, 1L;63;box
19;Baggio Aromas Chocolate Com Menta 250g Baggio Café Sabor Chocolate;20;box
20;Kit de Cafés Starbucks by Nespresso - 50 cápsulas;51;pcs
21;Creme de Leite Zero Lactose Piracanjuba 200g;15;kg
22;Composto Lácteo Milnutri Premium Danone Nutricia 400g;0;pcs
23;Baggio Aromas Caramelo 250g Baggio Café Sabor Caramelo;29;kg
24;Leite Condensado, Moça Lata, 395g;51;box
25;Cápsulas de Chá Camomila com Erva Doce Aroma Selezione, Compatível com Nespresso, Contém 10 Cápsulas;21;kg
26;Café em Cápsula, Starbucks, Nespresso, House Blend, Lungo, 10 Cápsulas;82;pcs
27;Bebida Láctea com 15g de proteína Banana YoPRO 250ml;13;pcs
28;Gin Tanqueray London Dry, 750ml;90;box
29;Whey Zero Lactose Sabor Frutas Vermelhas Piracanjuba 250ml;34;pcs
30;Café Torrado e Moído, Starbucks, Pike Place Roast, 250g;74;kg
31;Gin Gordon's, 750ml;91;kg
32;Cápsula de Café Cremoso Gimoka, Compatível Com Nespresso, Contém 10 Cápsulas;1;pcs
33;Whisky Johnnie Walker Song Of Fire, 750ml;18;box
34;Café Torrado e Moído, Starbucks, Caffè Verona, 250g;9;box
35;Whisky Chivas Regal 12 Anos, 1L;32;pcs
36;Biscoito Recheado, Prestígio, 140g;37;box
37;Bebida Vegetal Amendôa Sem Açúcar Silk 1L;95;box
38;Biscoito, Calipso, Coberto, Chocolate, 130g;5;box
39;Aroma Selezione Cápsulas de Café Espresso Intenso, Compatível com Nespresso, Contém 10 Cápsulas;64;pcs
40;Cápsulas De Café Espresso Salvatore, Compatível Com Nespresso, Contém 10 Cápsulas;30;pcs
41;Creme de Avelã com Cacau Zero Flormel 150g;47;box
42;Chimichurri Companhia Das Ervas;87;pcs
43;Cápsulas De Café Gourmet Clássico Baggio, Compatível Com Nespresso, Contém 10 Cápsulas;19;box
44;Whisky Johnnie Walker 12 anos, Black Label , 750ml;81;box
45;Biscoito Recheado, Chocolate, Passatempo, 130g;39;box
46;Gin Bombay Sapphire Dry London 750 ml;81;box
47;Whisky Johnnie Walker Song Of Ice, 750ml;76;kg
48;Whisky Ballantines Finest, 1L;76;kg
49;Cápsulas De Café Aroma Chocolate Trufado Baggio Café, Compatível Com Nespresso, Contém 10 Cápsulas;68;box
50;Leite Condensado Zero Lactose Piracanjuba 395g;18;box
51;Baggio Caffe Com 250g - Moído Baggio Café;32;box
52;Bebida Lactea com 15g de proteína Chocolate YoPRO 250ml;21;pcs
53;Baggio Aromas Chocolate Trufado 250g Baggio Café Sabor Chocolate;30;pcs
54;Cápsulas de Café Baggio Aroma Caramelo, Compatível com Nespresso, Contém 10 Cápsulas;28;kg
55;Whey Zero Lactose Sabor Baunilha Piracanjuba 250ml;71;pcs
56;Biscoito Recheado, Negresco, 140g;90;box
57;Whisky Johnnie Walker Black Label, 1L;47;kg
58;Leite Condensado, Moça Lata, 395g;86;pcs
59;Bebida Láctea com 15g de proteína Côco e Batata Doce YoPRO 250ml;57;pcs
60;Vodka Absolut, 1L;71;kg
61;Licor Baileys Original, 750ml;31;kg
62;Cápsulas De Café Aroma Chocolate C/ Menta Baggio, Compatível Com Nespresso, Contém 10 Cápsulas;27;pcs
63;Cereal Matinal, Snow Flakes, 120g;94;kg
64;Gin Beefeater London Dry 750Ml;77;pcs
65;Kit de Cafés Starbucks by Nespresso - 50 cápsulas;61;kg
66;Cápsula de Café Cremoso Gimoka, Compatível Com Nespresso, Contém 10 Cápsulas;97;kg
67;Doce Leite Zero Lactose Piracanjuba 350g;95;box
68;Café Gourmet em Grão Cafe Santa Monica 250gr;99;kg
69;Creme de Leite Zero Lactose Piracanjuba 200g;27;pcs
70;Whisky Jameson 750ml;64;kg
71;Whisky Old Parr, 12 anos, 1L;86;box
72;Composto Lácteo Milnutri Premium Danone Nutricia 400g;65;pcs
73;Whey Zero Lactose Sabor Frutas Vermelhas Piracanjuba 250ml;17;pcs
74;Baggio Aromas Chocolate Com Menta 250g Baggio Café Sabor Chocolate;30;kg
75;Baggio Aromas Caramelo 250g Baggio Café Sabor Caramelo;91;pcs
76;Whisky Johnnie Walker Red Label 1L;86;kg
77;Cápsulas de Chá Camomila com Erva Doce Aroma Selezione, Compatível com Nespresso, Contém 10 Cápsulas;19;pcs
78;Gin Tanqueray London Dry, 750ml;20;pcs
79;Popcorn Micro Manteiga Yoki 50g;9;kg
80;Bebida Láctea com 15g de proteína Banana YoPRO 250ml;86;pcs
81;Café Torrado e Moído, Starbucks, Pike Place Roast, 250g;84;box
82;Bebida Vegetal Amendôa Sem Açúcar Silk 1L;71;box
83;Gin Bombay Sapphire Dry London 750 ml;99;box
84;Café em Cápsula, Starbucks, Nespresso, House Blend, Lungo, 10 Cápsulas;78;box
85;Chimichurri Companhia Das Ervas;15;kg
86;Cápsulas De Café Lungo Salvatore, Compatível Com Nespresso, Contém 10 Cápsulas;62;box
87;Gin Gordon's, 750ml;31;pcs
88;Café Torrado e Moído, Starbucks, Caffè Verona, 250g;54;kg
89;Cápsulas De Café Espresso Salvatore, Compatível Com Nespresso, Contém 10 Cápsulas;49;kg
90;Creme de Avelã com Cacau Zero Flormel 150g;94;box
91;Aroma Selezione Cápsulas de Café Espresso Intenso, Compatível com Nespresso, Contém 10 Cápsulas;97;box
92;Whisky Chivas Regal 12 Anos, 1L;44;kg
93;Biscoito, Calipso, Coberto, Chocolate, 130g;91;box
94;Whisky Johnnie Walker Song Of Ice, 750ml;59;box
95;Sal Rosa do Himalaia (Grosso) Nor Foods 1kg;11;kg
96;Whisky Johnnie Walker 12 anos, Black Label , 750ml;58;pcs
97;Whisky Johnnie Walker Song Of Fire, 750ml;98;pcs
98;Cápsulas De Café Aroma Chocolate Trufado Baggio Café, Compatível Com Nespresso, Contém 10 Cápsulas;75;pcs
99;Whisky Ballantines Finest, 1L;18;kg
100;Leite Condensado Zero Lactose Piracanjuba 395g;48;box
101;Baggio Caffe Com 250g - Moído Baggio Café;41;kg
102;Bebida Lactea com 15g de proteína Chocolate YoPRO 250ml;58;box
103;Baggio Aromas Chocolate Trufado 250g Baggio Café Sabor Chocolate;68;pcs
104;Cápsulas de Café Baggio Aroma Caramelo, Compatível com Nespresso, Contém 10 Cápsulas;1;kg
105;Whey Zero Lactose Sabor Baunilha Piracanjuba 250ml;52;kg
106;Biscoito Recheado, Negresco, 140g;5;box
107;Whisky Johnnie Walker Black Label, 1L;8;pcs
108;Leite Condensado, Moça Lata, 395g;20;pcs
109;Bebida Láctea com 15g de proteína Côco e Batata Doce YoPRO 250ml;73;box
110;Vodka Absolut, 1L;19;kg
111;Licor Baileys Original, 750ml;17;pcs
112;Cápsulas De Café Aroma Chocolate C/ Menta Baggio, Compatível Com Nespresso, Contém 10 Cápsulas;14;pcs
113;Cereal Matinal, Snow Flakes, 120g;99;box
114;Gin Beefeater London Dry 750Ml;22;pcs
115;Kit de Cafés Starbucks by Nespresso - 50 cápsulas;51;pcs
116;Cápsula de Café Cremoso Gimoka, Compatível Com Nespresso, Contém 10 Cápsulas;4;pcs
117;Doce Leite Zero Lactose Piracanjuba 350g;94;kg
118;Café Gourmet em Grão Cafe Santa Monica 250gr;16;kg
119;Creme de Leite Zero Lactose Piracanjuba 200g;41;kg
120;Whisky Jameson 750ml;63;box
121;Whisky Old Parr, 12 anos, 1L;92;kg
122;Composto Lácteo Milnutri Premium Danone Nutricia 400g;21;box
123;Whey Zero Lactose Sabor Frutas Vermelhas Piracanjuba 250ml;71;pcs
124;Baggio Aromas Chocolate Com Menta 250g Baggio Café Sabor Chocolate;28;pcs
125;Baggio Aromas Caramelo 250g Baggio Café Sabor Caramelo;38;box
126;Whisky Johnnie Walker Red Label 1L;65;box
127;Cápsulas de Chá Camomila com Erva Doce Aroma Selezione, Compatível com Nespresso, Contém 10 Cápsulas;16;box
128;Gin Tanqueray London Dry, 750ml;97;box
129;Popcorn Micro Manteiga Yoki 50g;23;box
130;Bebida Láctea com 15g de proteína Banana YoPRO 250ml;10;pcs
131;Café Torrado e Moído, Starbucks, Pike Place Roast, 250g;89;pcs
132;Bebida Vegetal Amendôa Sem Açúcar Silk 1L;7;kg
133;Gin Bombay Sapphire Dry London 750 ml;97;box
134;Café em Cápsula, Starbucks, Nespresso, House Blend, Lungo, 10 Cápsulas;16;kg
135;Chimichurri Companhia Das Ervas;29;kg
136;Cápsulas De Café Lungo Salvatore, Compatível Com Nespresso, Contém 10 Cápsulas;18;box
137;Gin Gordon's, 750ml;64;kg
138;Café Torrado e Moído, Starbucks, Caffè Verona, 250g;13;pcs
139;Cápsulas De Café Espresso Salvatore, Compatível Com Nespresso, Contém 10 Cápsulas;62;pcs
140;Creme de Avelã com Cacau Zero Flormel 150g;34;pcs
141;Aroma Selezione Cápsulas de Café Espresso Intenso, Compatível com Nespresso, Contém 10 Cápsulas;41;box
142;Whisky Chivas Regal 12 Anos, 1L;3;kg
143;Biscoito, Calipso, Coberto, Chocolate, 130g;72;box
144;Whisky Johnnie Walker Song Of Ice, 750ml;28;box
145;Sal Rosa do Himalaia (Grosso) Nor Foods 1kg;2;kg
146;Whisky Johnnie Walker 12 anos, Black Label , 750ml;66;kg
147;Whisky Johnnie Walker Song Of Fire, 750ml;100;box
148;Cápsulas De Café Aroma Chocolate Trufado Baggio Café, Compatível Com Nespresso, Contém 10 Cápsulas;62;kg
149;Whisky Ballantines Finest, 1L;97;pcs
150;Leite Condensado Zero Lactose Piracanjuba 395g;34;box
151;Baggio Caffe Com 250g - Moído Baggio Café;80;pcs
152;Bebida Lactea com 15g de proteína Chocolate YoPRO 250ml;38;pcs
153;Baggio Aromas Chocolate Trufado 250g Baggio Café Sabor Chocolate;5;box
154;Cápsulas de Café Baggio Aroma Caramelo, Compatível com Nespresso, Contém 10 Cápsulas;49;pcs
155;Whey Zero Lactose Sabor Baunilha Piracanjuba 250ml;92;kg
156;Biscoito Recheado, Negresco, 140g;73;box
157;Whisky Johnnie Walker Black Label, 1L;48;pcs
158;Leite Condensado, Moça Lata, 395g;34;kg
159;Bebida Láctea com 15g de proteína Côco e Batata Doce YoPRO 250ml;21;kg
160;Vodka Absolut, 1L;54;box
161;Licor Baileys Original, 750ml;97;pcs
162;Cápsulas De Café Aroma Chocolate C/ Menta Baggio, Compatível Com Nespresso, Contém 10 Cápsulas;90;box
163;Cereal Matinal, Snow Flakes, 120g;7;kg
164;Gin Beefeater London Dry 750Ml;11;kg
165;Kit de Cafés Starbucks by Nespresso - 50 cápsulas;21;box
166;Cápsula de Café Cremoso Gimoka, Compatível Com Nespresso, Contém 10 Cápsulas;17;box
167;Doce Leite Zero Lactose Piracanjuba 350g;62;kg
168;Café Gourmet em Grão Cafe Santa Monica 250gr;52;pcs
169;Creme de Leite Zero Lactose Piracanjuba 200g;45;box
170;Whisky Jameson 750ml;40;kg
171;Whisky Old Parr, 12 anos, 1L;57;pcs
172;Composto Lácteo Milnutri Premium Danone Nutricia 400g;56;kg
173;Whey Zero Lactose Sabor Frutas Vermelhas Piracanjuba 250ml;51;box
174;Baggio Aromas Chocolate Com Menta 250g Baggio Café Sabor Chocolate;93;box
175;Baggio Aromas Caramelo 250g Baggio Café Sabor Caramelo;57;kg
176;Whisky Johnnie Walker Red Label 1L;63;kg
177;Cápsulas de Chá Camomila com Erva Doce Aroma Selezione, Compatível com Nespresso, Contém 10 Cápsulas;32;box
178;Gin Tanqueray London Dry, 750ml;28;box
179;Popcorn Micro Manteiga Yoki 50g;27;kg
180;Bebida Láctea com 15g de proteína Banana YoPRO 250ml;89;box
181;Café Torrado e Moído, Starbucks, Pike Place Roast, 250g;76;box
182;Bebida Vegetal Amendôa Sem Açúcar Silk 1L;43;box
183;Gin Bombay Sapphire Dry London 750 ml;49;kg
184;Café em Cápsula, Starbucks, Nespresso, House Blend, Lungo, 10 Cápsulas;77;box
185;Chimichurri Companhia Das Ervas;34;kg
186;Cápsulas De Café Lungo Salvatore, Compatível Com Nespresso, Contém 10 Cápsulas;77;pcs
187;Gin Gordon's, 750ml;83;pcs
188;Café Torrado e Moído, Starbucks, Caffè Verona, 250g;49;pcs
189;Cápsulas De Café Espresso Salvatore, Compatível Com Nespresso, Contém 10 Cápsulas;90;box
190;Creme de Avelã com Cacau Zero Flormel 150g;5;box
191;Aroma Selezione Cápsulas de Café Espresso Intenso, Compatível com Nespresso, Contém 10 Cápsulas;94;kg
192;Whisky Chivas Regal 12 Anos, 1L;49;box
193;Biscoito, Calipso, Coberto, Chocolate, 130g;45;pcs
194;Whisky Johnnie Walker Song Of Ice, 750ml;23;box
195;Sal Rosa do Himalaia (Grosso) Nor Foods 1kg;45;kg
196;Whisky Johnnie Walker 12 anos, Black Label , 750ml;10;pcs
197;Whisky Johnnie Walker Song Of Fire, 750ml;89;kg
198;Cápsulas De Café Aroma Chocolate Trufado Baggio Café, Compatível Com Nespresso, Contém 10 Cápsulas;49;kg
199;Whisky Ballantines Finest, 1L;94;box
200;Leite Condensado Zero Lactose Piracanjuba 395g;92;box
201;Baggio Caffe Com 250g - Moído Baggio Café;44;box
202;Bebida Lactea com 15g de proteína Chocolate YoPRO 250ml;46;kg
203;Baggio Aromas Chocolate Trufado 250g Baggio Café Sabor Chocolate;13;pcs
204;Cápsulas de Café Baggio Aroma Caramelo, Compatível com Nespresso, Contém 10 Cápsulas;66;kg
205;Whey Zero Lactose Sabor Baunilha Piracanjuba 250ml;49;pcs
206;Biscoito Recheado, Negresco, 140g;84;box
207;Whisky Johnnie Walker Black Label, 1L;45;kg
208;Leite Condensado, Moça Lata, 395g;91;kg
209;Bebida Láctea com 15g de proteína Côco e Batata Doce YoPRO 250ml;9;pcs
210;Vodka Absolut, 1L;31;pcs
211;Licor Baileys Original, 750ml;53;pcs
212;Cápsulas De Café Aroma Chocolate C/ Menta Baggio, Compatível Com Nespresso, Contém 10 Cápsulas;43;box
213;Cereal Matinal, Snow Flakes, 120g;0;kg
214;Gin Beefeater London Dry 750Ml;45;box
215;Kit de Cafés Starbucks by Nespresso - 50 cápsulas;15;box
216;Cápsula de Café Cremoso Gimoka, Compatível Com Nespresso, Contém 10 Cápsulas;65;box
217;Doce Leite Zero Lactose Piracanjuba 350g;76;kg
218;Café Gourmet em Grão Cafe Santa Monica 250gr;52;kg
219;Creme de Leite Zero Lactose Piracanjuba 200g;75;pcs
220;Whisky Jameson 750ml;49;pcs
221;Whisky Old Parr, 12 anos, 1L;88;pcs
222;Composto Lácteo Milnutri Premium Danone Nutricia 400g;79;pcs
223;Whey Zero Lactose Sabor Frutas Vermelhas Piracanjuba 250ml;37;pcs
224;Baggio Aromas Chocolate Com Menta 250g Baggio Café Sabor Chocolate;95;box
225;Baggio Aromas Caramelo 250g Baggio Café Sabor Caramelo;17;kg
226;Whisky Johnnie Walker Red Label 1L;52;kg
227;Cápsulas de Chá Camomila com Erva Doce Aroma Selezione, Compatível com Nespresso, Contém 10 Cápsulas;26;kg
228;Gin Tanqueray London Dry, 750ml;50;kg
229;Popcorn Micro Manteiga Yoki 50g;62;pcs
230;Bebida Láctea com 15g de proteína Banana YoPRO 250ml;83;kg
231;Café Torrado e Moído, Starbucks, Pike Place Roast, 250g;91;pcs
232;Bebida Vegetal Amendôa Sem Açúcar Silk 1L;87;kg
233;Gin Bombay Sapphire Dry London 750 ml;18;pcs
234;Café em Cápsula, Starbucks, Nespresso, House Blend, Lungo, 10 Cápsulas;78;kg
235;Chimichurri Companhia Das Ervas;40;box
236;Cápsulas De Café Lungo Salvatore, Compatível Com Nespresso, Contém 10 Cápsulas;82;kg
237;Gin Gordon's, 750ml;23;kg
238;Café Torrado e Moído, Starbucks, Caffè Verona, 250g;39;kg
239;Cápsulas De Café Espresso Salvatore, Compatível Com Nespresso, Contém 10 Cápsulas;56;box
240;Creme de Avelã com Cacau Zero Flormel 150g;52;box
241;Aroma Selezione Cápsulas de Café Espresso Intenso, Compatível com Nespresso, Contém 10 Cápsulas;75;kg
242;Whisky Chivas Regal 12 Anos, 1L;13;box
243;Biscoito, Calipso, Coberto, Chocolate, 130g;72;kg
244;Whisky Johnnie Walker Song Of Ice, 750ml;68;box
245;Sal Rosa do Himalaia (Grosso) Nor Foods 1kg;86;kg
246;Whisky Johnnie Walker 12 anos, Black Label , 750ml;49;kg
247;Whisky Johnnie Walker Song Of Fire, 750ml;51;kg
248;Cápsulas De Café Aroma Chocolate Trufado Baggio Café, Compatível Com Nespresso, Contém 10 Cápsulas;29;pcs
249;Whisky Ballantines Finest, 1L;3;pcs
250;Leite Condensado Zero Lactose Piracanjuba 395g;41;pcs
251;Baggio Caffe Com 250g - Moído Baggio Café;28;box
252;Whisky Johnnie Walker 12 anos, Black Label , 750ml;49;kg
253;Cápsulas de Café Baggio Aroma Caramelo, Compatível com Nespresso, Contém 10 Cápsulas;10;box
254;Whisky Ballantines Finest, 1L;13;box
255;Biscoito Recheado, Prestígio, 140g;29;box
256;Whisky Johnnie Walker Black Label, 1L;65;box
257;Biscoito Recheado, Negresco, 140g;12;box
258;Cereal Matinal, Snow Flakes, 120g;27;pcs
259;Whey Zero Lactose Sabor Baunilha Piracanjuba 250ml;43;box
260;Leite Condensado, Moça Lata, 395g;46;kg
261;Licor Baileys Original, 750ml;94;kg
262;Vodka Absolut, 1L;68;pcs
263;Café Gourmet em Grão Cafe Santa Monica 250gr;52;box
264;Whey Zero Lactose Sabor Frutas Vermelhas Piracanjuba 250ml;93;kg
265;Whisky Old Parr, 12 anos, 1L;98;pcs
266;Cápsula de Café Cremoso Gimoka, Compatível Com Nespresso, Contém 10 Cápsulas;11;box
267;Baggio Aromas Caramelo 250g Baggio Café Sabor Caramelo;76;box
268;Gin Beefeater London Dry 750Ml;76;pcs
269;Bebida Láctea com 15g de proteína Côco e Batata Doce YoPRO 250ml;23;pcs
270;Gin Tanqueray London Dry, 750ml;18;pcs
271;Baggio Aromas Chocolate Com Menta 250g Baggio Café Sabor Chocolate;84;kg
272;Gin Bombay Sapphire Dry London 750 ml;46;box
273;Cápsulas De Café Aroma Chocolate C/ Menta Baggio, Compatível Com Nespresso, Contém 10 Cápsulas;91;kg
274;Kit de Cafés Starbucks by Nespresso - 50 cápsulas;28;kg
275;Popcorn Micro Manteiga Yoki 50g;78;kg
276;Cápsulas de Chá Camomila com Erva Doce Aroma Selezione, Compatível com Nespresso, Contém 10 Cápsulas;26;kg
277;Doce Leite Zero Lactose Piracanjuba 350g;3;kg
278;Bebida Láctea com 15g de proteína Banana YoPRO 250ml;90;box
279;Creme de Leite Zero Lactose Piracanjuba 200g;94;pcs
280;Café Torrado e Moído, Starbucks, Caffè Verona, 250g;26;kg
281;Whisky Johnnie Walker Red Label 1L;59;pcs
282;Bebida Vegetal Amendôa Sem Açúcar Silk 1L;33;box
283;Composto Lácteo Milnutri Premium Danone Nutricia 400g;8;kg
284;Chimichurri Companhia Das Ervas;13;pcs
285;Whisky Jameson 750ml;54;pcs
286;Aroma Selezione Cápsulas de Café Espresso Intenso, Compatível com Nespresso, Contém 10 Cápsulas;37;box
287;Cápsulas De Café Lungo Salvatore, Compatível Com Nespresso, Contém 10 Cápsulas;90;kg
288;Composto Lácteo Milnutri Premium Soja Danone Nutricia 800g;32;kg
289;Café em Cápsula, Starbucks, Nespresso, House Blend, Lungo, 10 Cápsulas;83;kg
290;Café Torrado e Moído, Starbucks, Pike Place Roast, 250g;15;pcs
291;Tortilla Chips Queijo Frontera 125g;6;pcs
292;Mix de Pimentas Companhia Das Ervas Pote Pet 100g;44;box
293;Gin Gordon's, 750ml;7;box
294;Whisky Johnnie Walker Song Of Ice, 750ml;12;kg
295;Sal Rosa do Himalaia (Grosso) Nor Foods 1kg;80;box
296;Cápsulas De Café Aroma Chocolate Trufado Baggio Café, Compatível Com Nespresso, Contém 10 Cápsulas;86;kg
297;Bebida Lactea com 15g de proteína Chocolate YoPRO 250ml;8;kg
298;Whisky Johnnie Walker Song Of Fire, 750ml;85;box
299;Baggio Aromas Chocolate Trufado 250g Baggio Café Sabor Chocolate;96;box
300;Leite Condensado Zero Lactose Piracanjuba 395g;40;box
301;Baggio Caffe Com 250g - Moído Baggio Café;52;box
302;Whisky Johnnie Walker 12 anos, Black Label , 750ml;96;kg
303;Cápsulas de Café Baggio Aroma Caramelo, Compatível com Nespresso, Contém 10 Cápsulas;56;kg
304;Whisky Ballantines Finest, 1L;60;kg
305;Biscoito Recheado, Prestígio, 140g;13;box
306;Whisky Johnnie Walker Black Label, 1L;44;box
307;Biscoito Recheado, Negresco, 140g;3;box
308;Cereal Matinal, Snow Flakes, 120g;79;kg
309;Whey Zero Lactose Sabor Baunilha Piracanjuba 250ml;57;box
310;Leite Condensado, Moça Lata, 395g;24;pcs
311;Licor Baileys Original, 750ml;84;kg
312;Vodka Absolut, 1L;92;kg
313;Café Gourmet em Grão Cafe Santa Monica 250gr;14;pcs
314;Whey Zero Lactose Sabor Frutas Vermelhas Piracanjuba 250ml;45;box
315;Whisky Old Parr, 12 anos, 1L;31;box
316;Cápsula de Café Cremoso Gimoka, Compatível Com Nespresso, Contém 10 Cápsulas;96;box
317;Baggio Aromas Caramelo 250g Baggio Café Sabor Caramelo;81;pcs
318;Gin Beefeater London Dry 750Ml;81;kg
319;Bebida Láctea com 15g de proteína Côco e Batata Doce YoPRO 250ml;60;box
320;Gin Tanqueray London Dry, 750ml;69;kg
321;Baggio Aromas Chocolate Com Menta 250g Baggio Café Sabor Chocolate;84;box
322;Gin Bombay Sapphire Dry London 750 ml;37;kg
323;Cápsulas De Café Aroma Chocolate C/ Menta Baggio, Compatível Com Nespresso, Contém 10 Cápsulas;64;box
324;Kit de Cafés Starbucks by Nespresso - 50 cápsulas;30;box
325;Popcorn Micro Manteiga Yoki 50g;60;pcs
326;Cápsulas de Chá Camomila com Erva Doce Aroma Selezione, Compatível com Nespresso, Contém 10 Cápsulas;93;kg
327;Doce Leite Zero Lactose Piracanjuba 350g;14;pcs
328;Bebida Láctea com 15g de proteína Banana YoPRO 250ml;19;box
329;Creme de Leite Zero Lactose Piracanjuba 200g;34;box
330;Café Torrado e Moído, Starbucks, Caffè Verona, 250g;23;pcs
331;Whisky Johnnie Walker Red Label 1L;11;pcs
332;Bebida Vegetal Amendôa Sem Açúcar Silk 1L;32;pcs
333;Composto Lácteo Milnutri Premium Danone Nutricia 400g;97;pcs
334;Chimichurri Companhia Das Ervas;100;kg
335;Whisky Jameson 750ml;33;box
336;Aroma Selezione Cápsulas de Café Espresso Intenso, Compatível com Nespresso, Contém 10 Cápsulas;37;box
337;Cápsulas De Café Lungo Salvatore, Compatível Com Nespresso, Contém 10 Cápsulas;5;pcs
338;Composto Lácteo Milnutri Premium Soja Danone Nutricia 800g;55;pcs
339;Café em Cápsula, Starbucks, Nespresso, House Blend, Lungo, 10 Cápsulas;4;box
340;Café Torrado e Moído, Starbucks, Pike Place Roast, 250g;32;pcs
341;Tortilla Chips Queijo Frontera 125g;66;box
342;Mix de Pimentas Companhia Das Ervas Pote Pet 100g;48;box
343;Gin Gordon's, 750ml;91;kg
344;Whisky Johnnie Walker Song Of Ice, 750ml;1;box
345;Sal Rosa do Himalaia (Grosso) Nor Foods 1kg;96;box
346;Cápsulas De Café Aroma Chocolate Trufado Baggio Café, Compatível Com Nespresso, Contém 10 Cápsulas;66;pcs
347;Bebida Lactea com 15g de proteína Chocolate YoPRO 250ml;80;kg
348;Whisky Johnnie Walker Song Of Fire, 750ml;99;box
349;Baggio Aromas Chocolate Trufado 250g Baggio Café Sabor Chocolate;99;pcs
350;Leite Condensado Zero Lactose Piracanjuba 395g;80;box
351;Baggio Caffe Com 250g - Moído Baggio Café;43;pcs
352;Whisky Johnnie Walker 12 anos, Black Label , 750ml;65;kg
353;Cápsulas de Café Baggio Aroma Caramelo, Compatível com Nespresso, Contém 10 Cápsulas;66;pcs
354;Whisky Ballantines Finest, 1L;78;kg
355;Biscoito Recheado, Prestígio, 140g;73;box
356;Whisky Johnnie Walker Black Label, 1L;76;box
357;Biscoito Recheado, Negresco, 140g;65;kg
358;Cereal Matinal, Snow Flakes, 120g;98;pcs
359;Whey Zero Lactose Sabor Baunilha Piracanjuba 250ml;35;pcs
360;Leite Condensado, Moça Lata, 395g;45;kg
361;Licor Baileys Original, 750ml;44;kg
362;Vodka Absolut, 1L;40;box
363;Café Gourmet em Grão Cafe Santa Monica 250gr;66;box
364;Whey Zero Lactose Sabor Frutas Vermelhas Piracanjuba 250ml;49;kg
365;Whisky Old Parr, 12 anos, 1L;8;box
366;Cápsula de Café Cremoso Gimoka, Compatível Com Nespresso, Contém 10 Cápsulas;2;box
367;Baggio Aromas Caramelo 250g Baggio Café Sabor Caramelo;91;box
368;Gin Beefeater London Dry 750Ml;31;kg
369;Bebida Láctea com 15g de proteína Côco e Batata Doce YoPRO 250ml;8;pcs
370;Gin Tanqueray London Dry, 750ml;50;kg
371;Baggio Aromas Chocolate Com Menta 250g Baggio Café Sabor Chocolate;99;box
372;Gin Bombay Sapphire Dry London 750 ml;65;pcs
373;Cápsulas De Café Aroma Chocolate C/ Menta Baggio, Compatível Com Nespresso, Contém 10 Cápsulas;82;kg
374;Kit de Cafés Starbucks by Nespresso - 50 cápsulas;83;pcs
375;Popcorn Micro Manteiga Yoki 50g;6;box
376;Cápsulas de Chá Camomila com Erva Doce Aroma Selezione, Compatível com Nespresso, Contém 10 Cápsulas;13;box
377;Doce Leite Zero Lactose Piracanjuba 350g;31;kg
378;Bebida Láctea com 15g de proteína Banana YoPRO 250ml;72;box
379;Creme de Leite Zero Lactose Piracanjuba 200g;48;pcs
380;Café Torrado e Moído, Starbucks, Caffè Verona, 250g;100;box
381;Whisky Johnnie Walker Red Label 1L;97;kg
382;Bebida Vegetal Amendôa Sem Açúcar Silk 1L;16;pcs
383;Composto Lácteo Milnutri Premium Danone Nutricia 400g;30;kg
384;Chimichurri Companhia Das Ervas;74;pcs
385;Whisky Jameson 750ml;1;box
386;Aroma Selezione Cápsulas de Café Espresso Intenso, Compatível com Nespresso, Contém 10 Cápsulas;87;box
387;Cápsulas De Café Lungo Salvatore, Compatível Com Nespresso, Contém 10 Cápsulas;19;box
388;Composto Lácteo Milnutri Premium Soja Danone Nutricia 800g;54;kg
389;Café em Cápsula, Starbucks, Nespresso, House Blend, Lungo, 10 Cápsulas;100;box
390;Café Torrado e Moído, Starbucks, Pike Place Roast, 250g;33;pcs
391;Tortilla Chips Queijo Frontera 125g;94;kg
392;Mix de Pimentas Companhia Das Ervas Pote Pet 100g;92;kg
393;Gin Gordon's, 750ml;68;box
394;Whisky Johnnie Walker Song Of Ice, 750ml;51;pcs
395;Sal Rosa do Himalaia (Grosso) Nor Foods 1kg;72;box
396;Cápsulas De Café Aroma Chocolate Trufado Baggio Café, Compatível Com Nespresso, Contém 10 Cápsulas;46;box
397;Bebida Lactea com 15g de proteína Chocolate YoPRO 250ml;33;pcs
398;Whisky Johnnie Walker Song Of Fire, 750ml;4;box
399;Baggio Aromas Chocolate Trufado 250g Baggio Café Sabor Chocolate;84;pcs
400;Leite Condensado Zero Lactose Piracanjuba 395g;69;kg
401;Baggio Caffe Com 250g - Moído Baggio Café;2;kg
402;Whisky Johnnie Walker 12 anos, Black Label , 750ml;7;box
403;Cápsulas de Café Baggio Aroma Caramelo, Compatível com Nespresso, Contém 10 Cápsulas;97;kg
404;Whisky Ballantines Finest, 1L;47;pcs
405;Biscoito Recheado, Prestígio, 140g;33;box
406;Whisky Johnnie Walker Black Label, 1L;99;kg
407;Biscoito Recheado, Negresco, 140g;60;pcs
408;Cereal Matinal, Snow Flakes, 120g;42;pcs
409;Whey Zero Lactose Sabor Baunilha Piracanjuba 250ml;70;pcs
410;Leite Condensado, Moça Lata, 395g;83;box
411;Licor Baileys Original, 750ml;7;pcs
412;Vodka Absolut, 1L;23;pcs
413;Café Gourmet em Grão Cafe Santa Monica 250gr;62;kg
414;Whey Zero Lactose Sabor Frutas Vermelhas Piracanjuba 250ml;89;pcs
415;Whisky Old Parr, 12 anos, 1L;49;pcs
416;Cápsula de Café Cremoso Gimoka, Compatível Com Nespresso, Contém 10 Cápsulas;93;pcs
417;Baggio Aromas Caramelo 250g Baggio Café Sabor Caramelo;29;kg
418;Gin Beefeater London Dry 750Ml;1;box
419;Bebida Láctea com 15g de proteína Côco e Batata Doce YoPRO 250ml;75;box
420;Gin Tanqueray London Dry, 750ml;13;box
421;Baggio Aromas Chocolate Com Menta 250g Baggio Café Sabor Chocolate;38;box
422;Gin Bombay Sapphire Dry London 750 ml;33;pcs
423;Cápsulas De Café Aroma Chocolate C/ Menta Baggio, Compatível Com Nespresso, Contém 10 Cápsulas;41;kg
424;Kit de Cafés Starbucks by Nespresso - 50 cápsulas;9;pcs
425;Popcorn Micro Manteiga Yoki 50g;11;pcs
426;Cápsulas de Chá Camomila com Erva Doce Aroma Selezione, Compatível com Nespresso, Contém 10 Cápsulas;1;kg
427;Doce Leite Zero Lactose Piracanjuba 350g;77;box
428;Bebida Láctea com 15g de proteína Banana YoPRO 250ml;40;box
429;Creme de Leite Zero Lactose Piracanjuba 200g;49;pcs
430;Café Torrado e Moído, Starbucks, Caffè Verona, 250g;48;pcs
431;Whisky Johnnie Walker Red Label 1L;15;box
432;Bebida Vegetal Amendôa Sem Açúcar Silk 1L;67;kg
433;Composto Lácteo Milnutri Premium Danone Nutricia 400g;100;box
434;Chimichurri Companhia Das Ervas;20;kg
435;Whisky Jameson 750ml;30;kg
436;Aroma Selezione Cápsulas de Café Espresso Intenso, Compatível com Nespresso, Contém 10 Cápsulas;67;box
437;Cápsulas De Café Lungo Salvatore, Compatível Com Nespresso, Contém 10 Cápsulas;17;box
438;Composto Lácteo Milnutri Premium Soja Danone Nutricia 800g;35;pcs
439;Café em Cápsula, Starbucks, Nespresso, House Blend, Lungo, 10 Cápsulas;1;pcs
440;Café Torrado e Moído, Starbucks, Pike Place Roast, 250g;48;kg
441;Tortilla Chips Queijo Frontera 125g;65;kg
442;Mix de Pimentas Companhia Das Ervas Pote Pet 100g;15;box
443;Gin Gordon's, 750ml;46;pcs
444;Whisky Johnnie Walker Song Of Ice, 750ml;21;box
445;Sal Rosa do Himalaia (Grosso) Nor Foods 1kg;50;kg
446;Cápsulas De Café Aroma Chocolate Trufado Baggio Café, Compatível Com Nespresso, Contém 10 Cápsulas;19;kg
447;Bebida Lactea com 15g de proteína Chocolate YoPRO 250ml;68;kg
448;Whisky Johnnie Walker Song Of Fire, 750ml;76;box
449;Baggio Aromas Chocolate Trufado 250g Baggio Café Sabor Chocolate;98;kg
450;Leite Condensado Zero Lactose Piracanjuba 395g;79;pcs
451;Baggio Caffe Com 250g - Moído Baggio Café;16;box
452;Whisky Johnnie Walker 12 anos, Black Label , 750ml;97;box
453;Cápsulas de Café Baggio Aroma Caramelo, Compatível com Nespresso, Contém 10 Cápsulas;66;kg
454;Whisky Ballantines Finest, 1L;79;kg
455;Biscoito Recheado, Prestígio, 140g;23;kg
456;Whisky Johnnie Walker Black Label, 1L;33;kg
457;Biscoito Recheado, Negresco, 140g;14;box
458;Cereal Matinal, Snow Flakes, 120g;100;pcs
459;Whey Zero Lactose Sabor Baunilha Piracanjuba 250ml;91;pcs
460;Leite Condensado, Moça Lata, 395g;22;box
461;Licor Baileys Original, 750ml;22;box
462;Vodka Absolut, 1L;88;pcs
463;Café Gourmet em Grão Cafe Santa Monica 250gr;2;pcs
464;Whey Zero Lactose Sabor Frutas Vermelhas Piracanjuba 250ml;30;pcs
465;Whisky Old Parr, 12 anos, 1L;75;kg
466;Cápsula de Café Cremoso Gimoka, Compatível Com Nespresso, Contém 10 Cápsulas;24;kg
467;Baggio Aromas Caramelo 250g Baggio Café Sabor Caramelo;41;kg
468;Gin Beefeater London Dry 750Ml;6;kg
469;Bebida Láctea com 15g de proteína Côco e Batata Doce YoPRO 250ml;4;pcs
470;Gin Tanqueray London Dry, 750ml;97;kg
471;Baggio Aromas Chocolate Com Menta 250g Baggio Café Sabor Chocolate;96;box
472;Gin Bombay Sapphire Dry London 750 ml;39;pcs
473;Cápsulas De Café Aroma Chocolate C/ Menta Baggio, Compatível Com Nespresso, Contém 10 Cápsulas;13;kg
474;Kit de Cafés Starbucks by Nespresso - 50 cápsulas;36;box
475;Popcorn Micro Manteiga Yoki 50g;22;pcs
476;Cápsulas de Chá Camomila com Erva Doce Aroma Selezione, Compatível com Nespresso, Contém 10 Cápsulas;22;kg
477;Doce Leite Zero Lactose Piracanjuba 350g;3;kg
478;Bebida Láctea com 15g de proteína Banana YoPRO 250ml;37;kg
479;Creme de Leite Zero Lactose Piracanjuba 200g;0;pcs
480;Café Torrado e Moído, Starbucks, Caffè Verona, 250g;91;pcs
481;Whisky Johnnie Walker Red Label 1L;58;box
482;Bebida Vegetal Amendôa Sem Açúcar Silk 1L;42;pcs
483;Composto Lácteo Milnutri Premium Danone Nutricia 400g;48;kg
484;Chimichurri Companhia Das Ervas;18;kg
485;Whisky Jameson 750ml;1;box
486;Aroma Selezione Cápsulas de Café Espresso Intenso, Compatível com Nespresso, Contém 10 Cápsulas;11;pcs
487;Cápsulas De Café Lungo Salvatore, Compatível Com Nespresso, Contém 10 Cápsulas;47;box
488;Composto Lácteo Milnutri Premium Soja Danone Nutricia 800g;72;kg
489;Café em Cápsula, Starbucks, Nespresso, House Blend, Lungo, 10 Cápsulas;15;kg
490;Café Torrado e Moído, Starbucks, Pike Place Roast, 250g;57;pcs
491;Tortilla Chips Queijo Frontera 125g;69;pcs
492;Mix de Pimentas Companhia Das Ervas Pote Pet 100g;40;pcs
493;Gin Gordon's, 750ml;69;box
494;Whisky Johnnie Walker Song Of Ice, 750ml;17;pcs
495;Sal Rosa do Himalaia (Grosso) Nor Foods 1kg;83;box
496;Cápsulas De Café Aroma Chocolate Trufado Baggio Café, Compatível Com Nespresso, Contém 10 Cápsulas;77;pcs
497;Bebida Lactea com 15g de proteína Chocolate YoPRO 250ml;15;pcs
498;Whisky Johnnie Walker Song Of Fire, 750ml;12;pcs
499;Baggio Aromas Chocolate Trufado 250g Baggio Café Sabor Chocolate;92;box
500;Licor Baileys Original, 750ml;51;pcs
501;Whisky Johnnie Walker Black Label, 1L;15;kg
502;Cápsulas De Café Aroma Chocolate Trufado Baggio Café, Compatível Com Nespresso, Contém 10 Cápsulas;11;kg
503;Whisky Ballantines Finest, 1L;38;pcs
504;Bebida Lactea com 15g de proteína Chocolate YoPRO 250ml;19;pcs
505;Biscoito Recheado, Negresco, 140g;49;box
506;Whisky Johnnie Walker 12 anos, Black Label , 750ml;84;kg
507;Cápsulas de Café Baggio Aroma Caramelo, Compatível com Nespresso, Contém 10 Cápsulas;18;pcs
508;Gin Tanqueray London Dry, 750ml;58;kg
509;Cereal Matinal, Snow Flakes, 120g;66;box
510;Vodka Absolut, 1L;95;kg
511;Leite Condensado Zero Lactose Piracanjuba 395g;62;box
512;Gin Beefeater London Dry 750Ml;10;pcs
513;Leite Condensado, Moça Lata, 395g;33;box
514;Whey Zero Lactose Sabor Baunilha Piracanjuba 250ml;30;kg
515;Baggio Aromas Caramelo 250g Baggio Café Sabor Caramelo;8;pcs
516;Café Gourmet em Grão Cafe Santa Monica 250gr;43;pcs
517;Bebida Láctea com 15g de proteína Côco e Batata Doce YoPRO 250ml;34;box
518;Baggio Aromas Chocolate Com Menta 250g Baggio Café Sabor Chocolate;99;box
519;Creme de Leite Zero Lactose Piracanjuba 200g;49;box
520;Whey Zero Lactose Sabor Frutas Vermelhas Piracanjuba 250ml;46;box
521;Cápsula de Café Cremoso Gimoka, Compatível Com Nespresso, Contém 10 Cápsulas;94;box
522;Gin Bombay Sapphire Dry London 750 ml;99;kg
523;Bebida Vegetal Amendôa Sem Açúcar Silk 1L;21;pcs
524;Whisky Old Parr, 12 anos, 1L;6;box
525;Doce Leite Zero Lactose Piracanjuba 350g;30;box
526;Cápsulas De Café Aroma Chocolate C/ Menta Baggio, Compatível Com Nespresso, Contém 10 Cápsulas;66;box
527;Café em Cápsula, Starbucks, Nespresso, House Blend, Lungo, 10 Cápsulas;54;kg
528;Cápsulas De Café Lungo Salvatore, Compatível Com Nespresso, Contém 10 Cápsulas;27;pcs
529;Biscoito Recheado, Chocolate, Passatempo, 130g;76;pcs
530;Creme de Avelã com Cacau Zero Flormel 150g;69;box
531;Bebida Láctea com 15g de proteína Banana YoPRO 250ml;31;box
532;Aroma Selezione Cápsulas de Café Espresso Intenso, Compatível com Nespresso, Contém 10 Cápsulas;36;pcs
533;Composto Lácteo Milnutri Premium Danone Nutricia 400g;36;pcs
534;Popcorn Micro Manteiga Yoki 50g;87;kg
535;Whisky Jameson 750ml;3;pcs
536;Kit de Cafés Starbucks by Nespresso - 50 cápsulas;41;pcs
537;Cápsulas De Café Espresso Salvatore, Compatível Com Nespresso, Contém 10 Cápsulas;45;kg
538;Cápsulas de Chá Camomila com Erva Doce Aroma Selezione, Compatível com Nespresso, Contém 10 Cápsulas;4;kg
539;Whisky Johnnie Walker Red Label 1L;45;box
540;Whisky Chivas Regal 12 Anos, 1L;81;box
541;Chimichurri Companhia Das Ervas;20;pcs
542;Café Torrado e Moído, Starbucks, Pike Place Roast, 250g;33;pcs
543;Gin Gordon's, 750ml;48;box
544;Biscoito Recheado, Prestígio, 140g;0;box
545;Café Torrado e Moído, Starbucks, Caffè Verona, 250g;17;box
546;Whisky Johnnie Walker Song Of Fire, 750ml;27;kg
547;Whisky Johnnie Walker Song Of Ice, 750ml;15;box
548;Baggio Caffe Com 250g - Moído Baggio Café;30;kg
549;Baggio Aromas Chocolate Trufado 250g Baggio Café Sabor Chocolate;88;pcs
550;Licor Baileys Original, 750ml;97;kg
551;Whisky Johnnie Walker Black Label, 1L;98;box
552;Cápsulas De Café Aroma Chocolate Trufado Baggio Café, Compatível Com Nespresso, Contém 10 Cápsulas;8;box
553;Whisky Ballantines Finest, 1L;64;box
554;Bebida Lactea com 15g de proteína Chocolate YoPRO 250ml;86;box
555;Biscoito Recheado, Negresco, 140g;43;kg
556;Whisky Johnnie Walker 12 anos, Black Label , 750ml;56;box
557;Cápsulas de Café Baggio Aroma Caramelo, Compatível com Nespresso, Contém 10 Cápsulas;45;pcs
558;Gin Tanqueray London Dry, 750ml;77;kg
559;Cereal Matinal, Snow Flakes, 120g;77;box
560;Vodka Absolut, 1L;50;pcs
561;Leite Condensado Zero Lactose Piracanjuba 395g;76;kg
562;Gin Beefeater London Dry 750Ml;74;kg
563;Leite Condensado, Moça Lata, 395g;92;box
564;Whey Zero Lactose Sabor Baunilha Piracanjuba 250ml;69;kg
565;Baggio Aromas Caramelo 250g Baggio Café Sabor Caramelo;84;box
566;Café Gourmet em Grão Cafe Santa Monica 250gr;86;box
567;Bebida Láctea com 15g de proteína Côco e Batata Doce YoPRO 250ml;55;kg
568;Baggio Aromas Chocolate Com Menta 250g Baggio Café Sabor Chocolate;76;box
569;Creme de Leite Zero Lactose Piracanjuba 200g;19;box
570;Whey Zero Lactose Sabor Frutas Vermelhas Piracanjuba 250ml;55;pcs
571;Cápsula de Café Cremoso Gimoka, Compatível Com Nespresso, Contém 10 Cápsulas;14;kg
572;Gin Bombay Sapphire Dry London 750 ml;98;pcs
573;Bebida Vegetal Amendôa Sem Açúcar Silk 1L;1;pcs
574;Whisky Old Parr, 12 anos, 1L;30;pcs
575;Doce Leite Zero Lactose Piracanjuba 350g;100;kg
576;Cápsulas De Café Aroma Chocolate C/ Menta Baggio, Compatível Com Nespresso, Contém 10 Cápsulas;22;pcs
577;Café em Cápsula, Starbucks, Nespresso, House Blend, Lungo, 10 Cápsulas;92;box
578;Cápsulas De Café Lungo Salvatore, Compatível Com Nespresso, Contém 10 Cápsulas;92;pcs
579;Biscoito Recheado, Chocolate, Passatempo, 130g;87;pcs
580;Creme de Avelã com Cacau Zero Flormel 150g;16;pcs
581;Bebida Láctea com 15g de proteína Banana YoPRO 250ml;79;pcs
582;Aroma Selezione Cápsulas de Café Espresso Intenso, Compatível com Nespresso, Contém 10 Cápsulas;5;kg
583;Composto Lácteo Milnutri Premium Danone Nutricia 400g;4;pcs
584;Popcorn Micro Manteiga Yoki 50g;2;kg
585;Whisky Jameson 750ml;10;kg
586;Kit de Cafés Starbucks by Nespresso - 50 cápsulas;41;kg
587;Cápsulas De Café Espresso Salvatore, Compatível Com Nespresso, Contém 10 Cápsulas;41;box
588;Cápsulas de Chá Camomila com Erva Doce Aroma Selezione, Compatível com Nespresso, Contém 10 Cápsulas;30;kg
589;Whisky Johnnie Walker Red Label 1L;26;pcs
590;Whisky Chivas Regal 12 Anos, 1L;1;pcs
591;Chimichurri Companhia Das Ervas;50;box
592;Café Torrado e Moído, Starbucks, Pike Place Roast, 250g;86;pcs
593;Gin Gordon's, 750ml;17;kg
594;Biscoito Recheado, Prestígio, 140g;6;pcs
595;Café Torrado e Moído, Starbucks, Caffè Verona, 250g;22;pcs
596;Whisky Johnnie Walker Song Of Fire, 750ml;13;pcs
597;Whisky Johnnie Walker Song Of Ice, 750ml;20;box
598;Baggio Caffe Com 250g - Moído Baggio Café;39;box
599;Baggio Aromas Chocolate Trufado 250g Baggio Café Sabor Chocolate;20;kg
600;Licor Baileys Original, 750ml;78;box
601;Whisky Johnnie Walker Black Label, 1L;71;pcs
602;Cápsulas De Café Aroma Chocolate Trufado Baggio Café, Compatível Com Nespresso, Contém 10 Cápsulas;37;kg
603;Whisky Ballantines Finest, 1L;4;pcs
604;Bebida Lactea com 15g de proteína Chocolate YoPRO 250ml;37;kg
605;Biscoito Recheado, Negresco, 140g;92;pcs
606;Whisky Johnnie Walker 12 anos, Black Label , 750ml;20;pcs
607;Cápsulas de Café Baggio Aroma Caramelo, Compatível com Nespresso, Contém 10 Cápsulas;38;box
608;Gin Tanqueray London Dry, 750ml;59;kg
609;Cereal Matinal, Snow Flakes, 120g;58;kg
610;Vodka Absolut, 1L;46;pcs
611;Leite Condensado Zero Lactose Piracanjuba 395g;3;pcs
612;Gin Beefeater London Dry 750Ml;46;kg
613;Leite Condensado, Moça Lata, 395g;89;box
614;Whey Zero Lactose Sabor Baunilha Piracanjuba 250ml;17;pcs
615;Baggio Aromas Caramelo 250g Baggio Café Sabor Caramelo;51;kg
616;Café Gourmet em Grão Cafe Santa Monica 250gr;100;pcs
617;Bebida Láctea com 15g de proteína Côco e Batata Doce YoPRO 250ml;98;pcs
618;Baggio Aromas Chocolate Com Menta 250g Baggio Café Sabor Chocolate;74;kg
619;Creme de Leite Zero Lactose Piracanjuba 200g;8;pcs
620;Whey Zero Lactose Sabor Frutas Vermelhas Piracanjuba 250ml;72;kg
621;Cápsula de Café Cremoso Gimoka, Compatível Com Nespresso, Contém 10 Cápsulas;33;pcs
622;Gin Bombay Sapphire Dry London 750 ml;60;kg
623;Bebida Vegetal Amendôa Sem Açúcar Silk 1L;65;box
624;Whisky Old Parr, 12 anos, 1L;90;kg
625;Doce Leite Zero Lactose Piracanjuba 350g;2;kg
626;Cápsulas De Café Aroma Chocolate C/ Menta Baggio, Compatível Com Nespresso, Contém 10 Cápsulas;13;box
627;Café em Cápsula, Starbucks, Nespresso, House Blend, Lungo, 10 Cápsulas;13;kg
628;Cápsulas De Café Lungo Salvatore, Compatível Com Nespresso, Contém 10 Cápsulas;47;pcs
629;Biscoito Recheado, Chocolate, Passatempo, 130g;32;pcs
630;Creme de Avelã com Cacau Zero Flormel 150g;20;kg
631;Bebida Láctea com 15g de proteína Banana YoPRO 250ml;13;box
632;Aroma Selezione Cápsulas de Café Espresso Intenso, Compatível com Nespresso, Contém 10 Cápsulas;26;pcs
633;Composto Lácteo Milnutri Premium Danone Nutricia 400g;26;pcs
634;Popcorn Micro Manteiga Yoki 50g;100;pcs
635;Whisky Jameson 750ml;95;box
636;Kit de Cafés Starbucks by Nespresso - 50 cápsulas;55;pcs
637;Cápsulas De Café Espresso Salvatore, Compatível Com Nespresso, Contém 10 Cápsulas;47;pcs
638;Cápsulas de Chá Camomila com Erva Doce Aroma Selezione, Compatível com Nespresso, Contém 10 Cápsulas;25;kg
639;Whisky Johnnie Walker Red Label 1L;23;pcs
640;Whisky Chivas Regal 12 Anos, 1L;1;kg
641;Chimichurri Companhia Das Ervas;51;box
642;Café Torrado e Moído, Starbucks, Pike Place Roast, 250g;31;kg
643;Gin Gordon's, 750ml;92;kg
644;Biscoito Recheado, Prestígio, 140g;43;pcs
645;Café Torrado e Moído, Starbucks, Caffè Verona, 250g;46;kg
646;Whisky Johnnie Walker Song Of Fire, 750ml;99;pcs
647;Whisky Johnnie Walker Song Of Ice, 750ml;100;box
648;Baggio Caffe Com 250g - Moído Baggio Café;87;pcs
649;Baggio Aromas Chocolate Trufado 250g Baggio Café Sabor Chocolate;37;kg
650;Licor Baileys Original, 750ml;94;box
651;Whisky Johnnie Walker Black Label, 1L;49;box
652;Cápsulas De Café Aroma Chocolate Trufado Baggio Café, Compatível Com Nespresso, Contém 10 Cápsulas;97;kg
653;Whisky Ballantines Finest, 1L;72;pcs
654;Bebida Lactea com 15g de proteína Chocolate YoPRO 250ml;94;pcs
655;Biscoito Recheado, Negresco, 140g;30;kg
656;Whisky Johnnie Walker 12 anos, Black Label , 750ml;78;box
657;Cápsulas de Café Baggio Aroma Caramelo, Compatível com Nespresso, Contém 10 Cápsulas;63;box
658;Gin Tanqueray London Dry, 750ml;44;pcs
659;Cereal Matinal, Snow Flakes, 120g;11;kg
660;Vodka Absolut, 1L;27;kg
661;Leite Condensado Zero Lactose Piracanjuba 395g;16;box
662;Gin Beefeater London Dry 750Ml;41;box
663;Leite Condensado, Moça Lata, 395g;35;box
664;Whey Zero Lactose Sabor Baunilha Piracanjuba 250ml;23;kg
665;Baggio Aromas Caramelo 250g Baggio Café Sabor Caramelo;95;pcs
666;Café Gourmet em Grão Cafe Santa Monica 250gr;56;box
667;Bebida Láctea com 15g de proteína Côco e Batata Doce YoPRO 250ml;50;box
668;Baggio Aromas Chocolate Com Menta 250g Baggio Café Sabor Chocolate;42;box
669;Creme de Leite Zero Lactose Piracanjuba 200g;31;kg
670;Whey Zero Lactose Sabor Frutas Vermelhas Piracanjuba 250ml;76;kg
671;Cápsula de Café Cremoso Gimoka, Compatível Com Nespresso, Contém 10 Cápsulas;85;kg
672;Gin Bombay Sapphire Dry London 750 ml;3;pcs
673;Bebida Vegetal Amendôa Sem Açúcar Silk 1L;70;pcs
674;Whisky Old Parr, 12 anos, 1L;50;pcs
675;Doce Leite Zero Lactose Piracanjuba 350g;25;pcs
676;Cápsulas De Café Aroma Chocolate C/ Menta Baggio, Compatível Com Nespresso, Contém 10 Cápsulas;32;pcs
677;Café em Cápsula, Starbucks, Nespresso, House Blend, Lungo, 10 Cápsulas;84;pcs
678;Cápsulas De Café Lungo Salvatore, Compatível Com Nespresso, Contém 10 Cápsulas;61;box
679;Biscoito Recheado, Chocolate, Passatempo, 130g;70;pcs
680;Creme de Avelã com Cacau Zero Flormel 150g;23;box
681;Bebida Láctea com 15g de proteína Banana YoPRO 250ml;91;kg
682;Aroma Selezione Cápsulas de Café Espresso Intenso, Compatível com Nespresso, Contém 10 Cápsulas;11;pcs
683;Composto Lácteo Milnutri Premium Danone Nutricia 400g;40;pcs
684;Popcorn Micro Manteiga Yoki 50g;74;box
685;Whisky Jameson 750ml;83;kg
686;Kit de Cafés Starbucks by Nespresso - 50 cápsulas;39;box
687;Cápsulas De Café Espresso Salvatore, Compatível Com Nespresso, Contém 10 Cápsulas;70;pcs
688;Cápsulas de Chá Camomila com Erva Doce Aroma Selezione, Compatível com Nespresso, Contém 10 Cápsulas;13;kg
689;Whisky Johnnie Walker Red Label 1L;86;kg
690;Whisky Chivas Regal 12 Anos, 1L;37;box
691;Chimichurri Companhia Das Ervas;2;kg
692;Café Torrado e Moído, Starbucks, Pike Place Roast, 250g;13;kg
693;Gin Gordon's, 750ml;66;pcs
694;Biscoito Recheado, Prestígio, 140g;82;box
695;Café Torrado e Moído, Starbucks, Caffè Verona, 250g;26;pcs
696;Whisky Johnnie Walker Song Of Fire, 750ml;58;box
697;Whisky Johnnie Walker Song Of Ice, 750ml;93;pcs
698;Baggio Caffe Com 250g - Moído Baggio Café;2;kg
699;Baggio Aromas Chocolate Trufado 250g Baggio Café Sabor Chocolate;93;pcs
700;Licor Baileys Original, 750ml;62;pcs
701;Whisky Johnnie Walker Black Label, 1L;54;box
702;Cápsulas De Café Aroma Chocolate Trufado Baggio Café, Compatível Com Nespresso, Contém 10 Cápsulas;91;kg
703;Whisky Ballantines Finest, 1L;1;pcs
704;Bebida Lactea com 15g de proteína Chocolate YoPRO 250ml;1;box
705;Biscoito Recheado, Negresco, 140g;53;box
706;Whisky Johnnie Walker 12 anos, Black Label , 750ml;39;box
707;Cápsulas de Café Baggio Aroma Caramelo, Compatível com Nespresso, Contém 10 Cápsulas;66;kg
708;Gin Tanqueray London Dry, 750ml;38;pcs
709;Cereal Matinal, Snow Flakes, 120g;82;pcs
710;Vodka Absolut, 1L;71;box
711;Leite Condensado Zero Lactose Piracanjuba 395g;62;kg
712;Gin Beefeater London Dry 750Ml;26;kg
713;Leite Condensado, Moça Lata, 395g;25;box
714;Whey Zero Lactose Sabor Baunilha Piracanjuba 250ml;56;box
715;Baggio Aromas Caramelo 250g Baggio Café Sabor Caramelo;17;box
716;Café Gourmet em Grão Cafe Santa Monica 250gr;48;box
717;Bebida Láctea com 15g de proteína Côco e Batata Doce YoPRO 250ml;50;kg
718;Baggio Aromas Chocolate Com Menta 250g Baggio Café Sabor Chocolate;52;kg
719;Creme de Leite Zero Lactose Piracanjuba 200g;5;box
720;Whey Zero Lactose Sabor Frutas Vermelhas Piracanjuba 250ml;13;box
721;Cápsula de Café Cremoso Gimoka, Compatível Com Nespresso, Contém 10 Cápsulas;79;kg
722;Gin Bombay Sapphire Dry London 750 ml;61;kg
723;Bebida Vegetal Amendôa Sem Açúcar Silk 1L;14;pcs
724;Whisky Old Parr, 12 anos, 1L;90;kg
725;Doce Leite Zero Lactose Piracanjuba 350g;92;pcs
726;Cápsulas De Café Aroma Chocolate C/ Menta Baggio, Compatível Com Nespresso, Contém 10 Cápsulas;59;box
727;Café em Cápsula, Starbucks, Nespresso, House Blend, Lungo, 10 Cápsulas;47;box
728;Cápsulas De Café Lungo Salvatore, Compatível Com Nespresso, Contém 10 Cápsulas;48;box
729;Biscoito Recheado, Chocolate, Passatempo, 130g;61;box
730;Creme de Avelã com Cacau Zero Flormel 150g;49;pcs
731;Bebida Láctea com 15g de proteína Banana YoPRO 250ml;18;kg
732;Aroma Selezione Cápsulas de Café Espresso Intenso, Compatível com Nespresso, Contém 10 Cápsulas;63;pcs
733;Composto Lácteo Milnutri Premium Danone Nutricia 400g;25;kg
734;Popcorn Micro Manteiga Yoki 50g;1;kg
735;Whisky Jameson 750ml;67;kg
736;Kit de Cafés Starbucks by Nespresso - 50 cápsulas;84;box
737;Cápsulas De Café Espresso Salvatore, Compatível Com Nespresso, Contém 10 Cápsulas;64;kg
738;Cápsulas de Chá Camomila com Erva Doce Aroma Selezione, Compatível com Nespresso, Contém 10 Cápsulas;23;kg
739;Whisky Johnnie Walker Red Label 1L;73;pcs
740;Whisky Chivas Regal 12 Anos, 1L;19;pcs
741;Chimichurri Companhia Das Ervas;1;pcs
742;Café Torrado e Moído, Starbucks, Pike Place Roast, 250g;1;kg
743;Gin Gordon's, 750ml;81;pcs
744;Biscoito Recheado, Prestígio, 140g;26;kg
745;Café Torrado e Moído, Starbucks, Caffè Verona, 250g;48;pcs
746;Whisky Johnnie Walker Song Of Fire, 750ml;8;kg
747;Whisky Johnnie Walker Song Of Ice, 750ml;24;box
748;Baggio Caffe Com 250g - Moído Baggio Café;80;box
749;Baggio Aromas Chocolate Trufado 250g Baggio Café Sabor Chocolate;8;pcs
750;Licor Baileys Original, 750ml;64;kg
751;Whisky Johnnie Walker Black Label, 1L;94;box
752;Cápsulas De Café Aroma Chocolate Trufado Baggio Café, Compatível Com Nespresso, Contém 10 Cápsulas;3;box
753;Whisky Ballantines Finest, 1L;14;pcs
754;Bebida Lactea com 15g de proteína Chocolate YoPRO 250ml;61;kg
755;Biscoito Recheado, Negresco, 140g;86;kg
756;Whisky Johnnie Walker 12 anos, Black Label , 750ml;65;kg
757;Cápsulas de Café Baggio Aroma Caramelo, Compatível com Nespresso, Contém 10 Cápsulas;27;box
758;Gin Tanqueray London Dry, 750ml;64;kg
759;Cereal Matinal, Snow Flakes, 120g;95;box
760;Vodka Absolut, 1L;99;kg
761;Leite Condensado Zero Lactose Piracanjuba 395g;0;pcs
762;Gin Beefeater London Dry 750Ml;86;box
763;Leite Condensado, Moça Lata, 395g;67;kg
764;Whey Zero Lactose Sabor Baunilha Piracanjuba 250ml;13;pcs
765;Baggio Aromas Caramelo 250g Baggio Café Sabor Caramelo;86;pcs
766;Café Gourmet em Grão Cafe Santa Monica 250gr;21;pcs
767;Bebida Láctea com 15g de proteína Côco e Batata Doce YoPRO 250ml;88;pcs
768;Baggio Aromas Chocolate Com Menta 250g Baggio Café Sabor Chocolate;3;kg
769;Creme de Leite Zero Lactose Piracanjuba 200g;53;kg
770;Whey Zero Lactose Sabor Frutas Vermelhas Piracanjuba 250ml;76;kg
771;Cápsula de Café Cremoso Gimoka, Compatível Com Nespresso, Contém 10 Cápsulas;20;pcs
772;Gin Bombay Sapphire Dry London 750 ml;99;pcs
773;Bebida Vegetal Amendôa Sem Açúcar Silk 1L;47;pcs
774;Whisky Old Parr, 12 anos, 1L;48;kg
775;Doce Leite Zero Lactose Piracanjuba 350g;76;kg
776;Cápsulas De Café Aroma Chocolate C/ Menta Baggio, Compatível Com Nespresso, Contém 10 Cápsulas;62;pcs
777;Café em Cápsula, Starbucks, Nespresso, House Blend, Lungo, 10 Cápsulas;29;kg
778;Cápsulas De Café Lungo Salvatore, Compatível Com Nespresso, Contém 10 Cápsulas;49;pcs
779;Biscoito Recheado, Chocolate, Passatempo, 130g;49;box
780;Creme de Avelã com Cacau Zero Flormel 150g;28;kg
781;Bebida Láctea com 15g de proteína Banana YoPRO 250ml;62;box
782;Aroma Selezione Cápsulas de Café Espresso Intenso, Compatível com Nespresso, Contém 10 Cápsulas;80;kg
783;Composto Lácteo Milnutri Premium Danone Nutricia 400g;61;kg
784;Popcorn Micro Manteiga Yoki 50g;33;pcs
785;Whisky Jameson 750ml;3;box
786;Kit de Cafés Starbucks by Nespresso - 50 cápsulas;99;pcs
787;Cápsulas De Café Espresso Salvatore, Compatível Com Nespresso, Contém 10 Cápsulas;95;box
788;Cápsulas de Chá Camomila com Erva Doce Aroma Selezione, Compatível com Nespresso, Contém 10 Cápsulas;14;kg
789;Whisky Johnnie Walker Red Label 1L;77;pcs
790;Whisky Chivas Regal 12 Anos, 1L;48;kg
791;Chimichurri Companhia Das Ervas;5;box
792;Café Torrado e Moído, Starbucks, Pike Place Roast, 250g;42;pcs
793;Gin Gordon's, 750ml;45;pcs
794;Biscoito Recheado, Prestígio, 140g;78;kg
795;Café Torrado e Moído, Starbucks, Caffè Verona, 250g;91;pcs
796;Whisky Johnnie Walker Song Of Fire, 750ml;17;box
797;Whisky Johnnie Walker Song Of Ice, 750ml;61;pcs
798;Baggio Caffe Com 250g - Moído Baggio Café;11;kg
799;Baggio Aromas Chocolate Trufado 250g Baggio Café Sabor Chocolate;43;kg
800;Licor Baileys Original, 750ml;31;kg
801;Whisky Johnnie Walker Black Label, 1L;18;box
802;Cápsulas De Café Aroma Chocolate Trufado Baggio Café, Compatível Com Nespresso, Contém 10 Cápsulas;44;pcs
803;Whisky Ballantines Finest, 1L;74;pcs
804;Bebida Lactea com 15g de proteína Chocolate YoPRO 250ml;67;box
805;Biscoito Recheado, Negresco, 140g;47;box
806;Whisky Johnnie Walker 12 anos, Black Label , 750ml;55;kg
807;Cápsulas de Café Baggio Aroma Caramelo, Compatível com Nespresso, Contém 10 Cápsulas;43;kg
808;Gin Tanqueray London Dry, 750ml;43;box
809;Cereal Matinal, Snow Flakes, 120g;39;box
810;Vodka Absolut, 1L;67;kg
811;Leite Condensado Zero Lactose Piracanjuba 395g;65;pcs
812;Gin Beefeater London Dry 750Ml;42;pcs
813;Leite Condensado, Moça Lata, 395g;63;box
814;Whey Zero Lactose Sabor Baunilha Piracanjuba 250ml;29;kg
815;Baggio Aromas Caramelo 250g Baggio Café Sabor Caramelo;50;kg
816;Café Gourmet em Grão Cafe Santa Monica 250gr;21;kg
817;Bebida Láctea com 15g de proteína Côco e Batata Doce YoPRO 250ml;88;box
818;Baggio Aromas Chocolate Com Menta 250g Baggio Café Sabor Chocolate;22;kg
819;Creme de Leite Zero Lactose Piracanjuba 200g;9;box
820;Whey Zero Lactose Sabor Frutas Vermelhas Piracanjuba 250ml;60;kg
821;Cápsula de Café Cremoso Gimoka, Compatível Com Nespresso, Contém 10 Cápsulas;7;box
822;Gin Bombay Sapphire Dry London 750 ml;87;kg
823;Bebida Vegetal Amendôa Sem Açúcar Silk 1L;20;pcs
824;Whisky Old Parr, 12 anos, 1L;10;kg
825;Doce Leite Zero Lactose Piracanjuba 350g;21;box
826;Cápsulas De Café Aroma Chocolate C/ Menta Baggio, Compatível Com Nespresso, Contém 10 Cápsulas;0;pcs
827;Café em Cápsula, Starbucks, Nespresso, House Blend, Lungo, 10 Cápsulas;46;kg
828;Cápsulas De Café Lungo Salvatore, Compatível Com Nespresso, Contém 10 Cápsulas;76;pcs
829;Biscoito Recheado, Chocolate, Passatempo, 130g;83;kg
830;Creme de Avelã com Cacau Zero Flormel 150g;52;box
831;Bebida Láctea com 15g de proteína Banana YoPRO 250ml;57;kg
832;Aroma Selezione Cápsulas de Café Espresso Intenso, Compatível com Nespresso, Contém 10 Cápsulas;5;box
833;Composto Lácteo Milnutri Premium Danone Nutricia 400g;6;box
834;Popcorn Micro Manteiga Yoki 50g;15;kg
835;Whisky Jameson 750ml;80;kg
836;Kit de Cafés Starbucks by Nespresso - 50 cápsulas;28;pcs
837;Cápsulas De Café Espresso Salvatore, Compatível Com Nespresso, Contém 10 Cápsulas;90;kg
838;Cápsulas de Chá Camomila com Erva Doce Aroma Selezione, Compatível com Nespresso, Contém 10 Cápsulas;45;box
839;Whisky Johnnie Walker Red Label 1L;18;kg
840;Whisky Chivas Regal 12 Anos, 1L;3;kg
841;Chimichurri Companhia Das Ervas;38;pcs
842;Café Torrado e Moído, Starbucks, Pike Place Roast, 250g;99;pcs
843;Gin Gordon's, 750ml;73;pcs
844;Biscoito Recheado, Prestígio, 140g;9;pcs
845;Café Torrado e Moído, Starbucks, Caffè Verona, 250g;86;pcs
846;Whisky Johnnie Walker Song Of Fire, 750ml;94;pcs
847;Whisky Johnnie Walker Song Of Ice, 750ml;96;pcs
848;Baggio Caffe Com 250g - Moído Baggio Café;90;box
849;Baggio Aromas Chocolate Trufado 250g Baggio Café Sabor Chocolate;99;pcs
850;Biscoito, Chocomix, Morango, Passatempo, 130g;54;box
851;Biscoito Recheado, Doce de Leite, Passatempo, 130g;14;kg
852;Biscoito Recheado, Morango, Passatempo, 130g;13;kg
853;Biscoito Recheado, Leite, Passatempo, 130g;50;box
854;Composto Lácteo Milnutri Premium Danone Nutricia 400g;9;kg
855;Gin Tanqueray London Dry, 750ml;53;pcs
856;Achocolatado em Pó, Nescau 2.0, 400g;77;kg
857;Energético Monster Lata 473ml;89;pcs
858;Cápsulas de Café Baggio Aroma Caramelo, Compatível com Nespresso, Contém 10 Cápsulas;57;box
859;Leite Semidesnatado Piracanjuba 1L;81;box
860;Baggio Aromas Chocolate Trufado 250g Baggio Café Sabor Chocolate;6;pcs
861;Chocolate em Pó, Nestlé, Dois Frades, 200g;39;box
862;Pipoca Original Cinemark;33;kg
863;Bebida Vegetal Amendôa Sem Açúcar Silk 1L;19;box
864;Cápsula de Cappuccino, Classic, 10 Unidades, Tres, 3 Corações;12;pcs
865;Açúcar Demerara Orgânico Native 1kg;72;pcs
866;Isotônico Sabor Maracujá Gatorade 500ml;85;box
867;Molho Tomate e Manjericão Barilla 400g;93;pcs
868;Leite Condensado, Moça Lata, 395g;52;box
869;Cápsula de Café Espresso, Vibrante, 10 Unidades, Tres, 3 Corações;54;pcs
870;Cápsulas De Café Aroma Chocolate Trufado Baggio Café, Compatível Com Nespresso, Contém 10 Cápsulas;76;kg
871;Isotônico Sabor Frutas Cítricas Gatorade 500ml;17;box
872;Licor Baileys Original, 750ml;33;box
873;Cápsulas De Café Gourmet Clássico Baggio, Compatível Com Nespresso, Contém 10 Cápsulas;1;kg
874;Cápsulas de Café Clássico Orfeu, Compatível com Nespresso, Contém 10 Cápsulas;23;pcs
875;Isotônico Sabor Tangerina Gatorade 500ml;41;kg
876;Energético Red Bull Energy Drink Pack com 24 Latas de 250ml;7;box
877;Biscoito, Leite, Passatempo, 150g;82;pcs
878;Cápsula de Café Espresso, Pleno, 10 Unidades, Tres, 3 Corações;77;kg
879;Cápsulas De Café Aroma Chocolate C/ Menta Baggio, Compatível Com Nespresso, Contém 10 Cápsulas;56;box
880;Whisky Johnnie Walker Wine Cask, 750ml;54;pcs
881;Bebida Láctea com 15g de proteína Côco e Batata Doce YoPRO 250ml;54;box
882;Creme de Avelã Extra Cacau Zero Flormel 150g;23;pcs
883;Paçoquinha Tablete Yoki 1,1kg;65;pcs
884;Doce Leite Zero Lactose Piracanjuba 350g;49;box
885;Leite Semidesnatado Zero Lactose Piracanjuba 1L;1;pcs
886;Whey Zero Lactose Sabor Baunilha Piracanjuba 250ml;55;box
887;Vodka Absolut, 1L;29;kg
888;Baggio Aromas Caramelo 250g Baggio Café Sabor Caramelo;63;box
889;Chimichurri Companhia Das Ervas;31;box
890;Popcorn Micro Manteiga Yoki 50g;25;box
891;Cereal Matinal, Tradicional, Nescau, 30g;75;pcs
892;Whisky Old Parr, 12 anos, 1L;22;pcs
893;Biscoito, Mini Wafer, Chocolate, Passatempo, 20g;36;pcs
894;Refrigerante Guaraná Antártica 350ml;53;box
895;Cápsula de Café Filtrado, Gourmet, 10 Unidades, Tres, 3 Corações;34;pcs
896;Molho Tomate e Azeitona Olive Barilla 400g;7;pcs
897;Macarrão Grano Duro Spaghettini N.3 Barilla 500g;64;kg
898;Popmicro Toque Chef Yoki 100g;35;kg
899;Whey Zero Lactose Sabor Frutas Vermelhas Piracanjuba 250ml;51;box
900;Biscoito, Chocomix, Morango, Passatempo, 130g;32;box
901;Biscoito Recheado, Doce de Leite, Passatempo, 130g;56;pcs
902;Biscoito Recheado, Morango, Passatempo, 130g;43;box
903;Biscoito Recheado, Leite, Passatempo, 130g;67;pcs
904;Composto Lácteo Milnutri Premium Danone Nutricia 400g;65;kg
905;Gin Tanqueray London Dry, 750ml;86;box
906;Achocolatado em Pó, Nescau 2.0, 400g;21;pcs
907;Energético Monster Lata 473ml;100;box
908;Cápsulas de Café Baggio Aroma Caramelo, Compatível com Nespresso, Contém 10 Cápsulas;18;kg
909;Leite Semidesnatado Piracanjuba 1L;35;box
910;Baggio Aromas Chocolate Trufado 250g Baggio Café Sabor Chocolate;40;box
911;Chocolate em Pó, Nestlé, Dois Frades, 200g;12;kg
912;Pipoca Original Cinemark;71;box
913;Bebida Vegetal Amendôa Sem Açúcar Silk 1L;24;kg
914;Cápsula de Cappuccino, Classic, 10 Unidades, Tres, 3 Corações;98;pcs
915;Açúcar Demerara Orgânico Native 1kg;7;kg
916;Isotônico Sabor Maracujá Gatorade 500ml;18;pcs
917;Molho Tomate e Manjericão Barilla 400g;78;kg
918;Leite Condensado, Moça Lata, 395g;7;box
919;Cápsula de Café Espresso, Vibrante, 10 Unidades, Tres, 3 Corações;61;pcs
920;Cápsulas De Café Aroma Chocolate Trufado Baggio Café, Compatível Com Nespresso, Contém 10 Cápsulas;15;box
921;Isotônico Sabor Frutas Cítricas Gatorade 500ml;51;pcs
922;Licor Baileys Original, 750ml;15;kg
923;Cápsulas De Café Gourmet Clássico Baggio, Compatível Com Nespresso, Contém 10 Cápsulas;85;box
924;Cápsulas de Café Clássico Orfeu, Compatível com Nespresso, Contém 10 Cápsulas;2;pcs
925;Isotônico Sabor Tangerina Gatorade 500ml;14;kg
926;Energético Red Bull Energy Drink Pack com 24 Latas de 250ml;66;pcs
927;Biscoito, Leite, Passatempo, 150g;29;pcs
928;Cápsula de Café Espresso, Pleno, 10 Unidades, Tres, 3 Corações;12;box
929;Cápsulas De Café Aroma Chocolate C/ Menta Baggio, Compatível Com Nespresso, Contém 10 Cápsulas;62;kg
930;Whisky Johnnie Walker Wine Cask, 750ml;79;pcs
931;Bebida Láctea com 15g de proteína Côco e Batata Doce YoPRO 250ml;6;pcs
932;Creme de Avelã Extra Cacau Zero Flormel 150g;6;box
933;Paçoquinha Tablete Yoki 1,1kg;10;pcs
934;Doce Leite Zero Lactose Piracanjuba 350g;62;kg
935;Leite Semidesnatado Zero Lactose Piracanjuba 1L;7;box
936;Whey Zero Lactose Sabor Baunilha Piracanjuba 250ml;87;kg
937;Vodka Absolut, 1L;51;pcs
938;Baggio Aromas Caramelo 250g Baggio Café Sabor Caramelo;58;kg
939;Chimichurri Companhia Das Ervas;43;kg
940;Popcorn Micro Manteiga Yoki 50g;26;kg
941;Cereal Matinal, Tradicional, Nescau, 30g;78;kg
942;Whisky Old Parr, 12 anos, 1L;21;kg
943;Biscoito, Mini Wafer, Chocolate, Passatempo, 20g;100;box
944;Refrigerante Guaraná Antártica 350ml;60;pcs
945;Cápsula de Café Filtrado, Gourmet, 10 Unidades, Tres, 3 Corações;90;box
946;Molho Tomate e Azeitona Olive Barilla 400g;66;box
947;Macarrão Grano Duro Spaghettini N.3 Barilla 500g;66;kg
948;Popmicro Toque Chef Yoki 100g;29;box
949;Whey Zero Lactose Sabor Frutas Vermelhas Piracanjuba 250ml;97;kg
950;Biscoito, Chocomix, Morango, Passatempo, 130g;3;box
951;Biscoito Recheado, Doce de Leite, Passatempo, 130g;53;kg
952;Biscoito Recheado, Morango, Passatempo, 130g;34;box
953;Biscoito Recheado, Leite, Passatempo, 130g;86;box
954;Composto Lácteo Milnutri Premium Danone Nutricia 400g;77;pcs
955;Achocolatado em Pó, Nescau 2.0, 400g;70;box
956;Energético Monster Lata 473ml;100;pcs
957;Cápsulas de Café Baggio Aroma Caramelo, Compatível com Nespresso, Contém 10 Cápsulas;1;pcs
958;Gin Tanqueray London Dry, 750ml;40;box
959;Leite Semidesnatado Piracanjuba 1L;39;kg
960;Baggio Aromas Chocolate Trufado 250g Baggio Café Sabor Chocolate;0;box
961;Cápsulas de Café Clássico Orfeu, Compatível com Nespresso, Contém 10 Cápsulas;1;pcs
962;Chocolate em Pó, Nestlé, Dois Frades, 200g;1;kg
963;Bebida Vegetal Amendôa Sem Açúcar Silk 1L;11;box
964;Pipoca Original Cinemark;41;kg
965;Cápsulas De Café Aroma Chocolate Trufado Baggio Café, Compatível Com Nespresso, Contém 10 Cápsulas;72;pcs
966;Molho Tomate e Manjericão Barilla 400g;51;kg
967;Açúcar Demerara Orgânico Native 1kg;45;pcs
968;Cápsula de Cappuccino, Classic, 10 Unidades, Tres, 3 Corações;47;kg
969;Energético Red Bull Energy Drink Pack com 24 Latas de 250ml;85;pcs
970;Cápsula de Café Espresso, Vibrante, 10 Unidades, Tres, 3 Corações;4;pcs
971;Isotônico Sabor Maracujá Gatorade 500ml;33;pcs
972;Licor Baileys Original, 750ml;52;pcs
973;Cápsulas De Café Gourmet Clássico Baggio, Compatível Com Nespresso, Contém 10 Cápsulas;33;pcs
974;Leite Condensado, Moça Lata, 395g;1;box
975;Bebida Láctea com 15g de proteína Côco e Batata Doce YoPRO 250ml;70;box
976;Leite Semidesnatado Zero Lactose Piracanjuba 1L;88;kg
977;Isotônico Sabor Frutas Cítricas Gatorade 500ml;68;pcs
978;Doce Leite Zero Lactose Piracanjuba 350g;41;box
979;Whisky Johnnie Walker Wine Cask, 750ml;71;box
980;Whey Zero Lactose Sabor Baunilha Piracanjuba 250ml;73;box
981;Cápsulas de Chá Frutas Vermelhas Aroma Selezione, Compatível com Nespresso, Contém 10 Cápsulas;74;kg
982;Vodka Absolut, 1L;83;pcs
983;Chimichurri Companhia Das Ervas;27;pcs
984;Cereal Matinal, Tradicional, Nescau, 30g;26;pcs
985;Creme de Avelã Extra Cacau Zero Flormel 150g;83;kg
986;Biscoito, Leite, Passatempo, 150g;37;kg
987;Cápsulas De Café Aroma Chocolate C/ Menta Baggio, Compatível Com Nespresso, Contém 10 Cápsulas;73;box
988;Café em Cápsula, Starbucks, Nescafé, Dolce Gusto, Cappuccino, 12 Cápsulas;60;kg
989;Refrigerante Guaraná Antártica 350ml;29;box
990;Baggio Aromas Caramelo 250g Baggio Café Sabor Caramelo;2;box
991;Isotônico Sabor Tangerina Gatorade 500ml;58;pcs
992;Molho Tomate e Azeitona Olive Barilla 400g;22;box
993;Cápsula de Café Espresso, Pleno, 10 Unidades, Tres, 3 Corações;41;box
994;Paçoquinha Tablete Yoki 1,1kg;61;pcs
995;Whey Zero Lactose Sabor Frutas Vermelhas Piracanjuba 250ml;50;box
996;Whisky Jameson, 750 ml;10;pcs
997;Bebida Láctea Piracanjuba Imunoday Sabor Chocolate Zero Lactose 200ml;0;box
998;Mix de Pimentas Companhia Das Ervas Pote Pet 100g;84;kg
999;Johnnie Walker Black Label 12 Anos Whisky, 1L;90;pcs
